Time,Temp.,A1,A2,A3,A4,A5,A6,A7,A8,A9,A10,A11,A12,B1,B2,B3,B4,B5,B6,B7,B8,B9,B10,B11,B12,C1,C2,C3,C4,C5,C6,C7,C8,C9,C10,C11,C12,D1,D2,D3,D4,D5,D6,D7,D8,D9,D10,D11,D12,E1,E2,E3,E4,E5,E6,E7,E8,E9,E10,E11,E12,F1,F2,F3,F4,F5,F6,F7,F8,F9,F10,F11,F12,G1,G2,G3,G4,G5,G6,G7,G8,G9,G10,G11,G12,H1,H2,H3,H4,H5,H6,H7,H8,H9,H10,H11,H12
0:13:16,37,29912,777,778,29556,757,807,29228,792,761,21689,676,667,656,693,638,659,646,654,688,660,654,687,690,659,656,663,620,687,635,699,687,670,639,673,687,682,21667,744,724,22267,710,708,22559,786,727,22804,654,702,626,645,610,624,644,700,674,669,658,684,688,691,643,677,666,661,682,648,673,673,667,45555,663,680,22201,757,774,28406,773,788,28374,795,805,27738,689,698,45378,673,733,45231,716,696,689,679,710,696,653,652
0:28:16,37,28867,762,789,28804,730,791,28928,730,724,20945,639,690,612,628,653,634,625,621,673,626,618,682,658,645,651,634,659,613,634,643,653,677,671,664,677,692,21263,728,742,21248,784,734,21981,749,762,22070,629,682,683,624,638,605,628,633,651,703,662,639,649,652,661,571,654,655,635,666,661,676,621,44880,681,722,21628,769,768,27580,770,781,27640,787,732,26730,662,673,44219,639,719,44304,647,663,684,680,662,707,686,673
0:43:16,37,28411,718,742,28228,710,715,28436,744,705,20423,633,680,575,655,634,647,655,626,607,597,642,669,648,641,666,619,587,633,612,649,586,622,648,651,667,681,20602,770,725,20617,709,714,21698,757,689,21335,617,657,614,612,577,587,647,650,620,631,660,690,612,670,625,611,661,594,704,646,601,660,627,43988,642,661,20789,726,769,27259,769,741,26957,776,785,26569,673,637,43740,654,680,43832,668,625,627,652,596,708,657,628
0:58:16,37,28252,776,738,27429,755,708,27952,738,738,20283,665,685,584,586,593,589,641,573,607,637,621,650,639,601,638,642,632,627,667,586,618,619,605,613,678,689,20193,714,644,20218,661,651,21533,747,699,20980,615,672,625,585,619,594,582,618,630,583,596,627,633,694,602,582,653,625,659,623,658,614,627,43373,677,672,20660,723,693,26917,775,757,26829,729,752,26358,638,595,42863,565,652,43280,640,684,666,654,632,662,634,636
1:13:16,37,27698,666,714,27406,725,736,28022,761,711,20142,589,604,609,621,578,557,611,620,596,612,609,617,659,626,599,595,601,630,589,603,636,596,602,629,654,687,20092,729,712,20071,691,701,21106,753,704,20756,622,682,650,656,587,558,619,594,638,630,632,636,635,678,632,604,634,596,620,604,608,657,621,42763,669,685,20742,786,730,26606,714,761,26361,694,725,25592,650,649,42401,629,617,42320,659,625,613,658,656,660,634,607
1:28:16,37,27468,762,713,27102,684,716,27818,800,734,19825,609,606,601,569,598,603,610,583,579,634,592,597,662,644,620,609,566,583,598,613,643,608,583,605,648,659,19668,672,673,19654,671,694,20920,700,691,20637,659,651,592,576,613,562,618,569,597,636,607,645,610,683,618,591,606,627,617,581,624,622,602,42206,634,663,20513,714,744,25782,693,723,25890,717,707,25528,674,661,41934,569,664,41990,620,642,611,654,636,622,628,615
1:43:16,37,27435,666,686,26903,677,716,27246,736,681,19410,650,596,615,587,590,602,596,581,600,583,613,621,630,579,583,595,616,574,583,592,603,658,603,600,647,657,19356,695,690,19159,683,656,20685,707,703,20349,632,645,624,585,576,548,601,585,609,583,630,609,622,643,626,615,630,592,630,593,623,611,576,42078,644,686,20140,708,672,25737,680,721,25440,738,675,24936,636,609,41479,608,610,41844,629,626,622,583,615,605,640,634
1:58:16,37,27418,689,702,26752,729,680,27268,691,708,19250,608,650,572,562,581,538,585,621,594,628,648,562,587,633,618,581,598,588,617,614,610,609,582,590,662,665,19363,675,677,19110,637,691,20518,703,639,20465,654,652,596,562,591,578,578,594,634,617,600,577,637,638,608,598,615,587,648,564,603,603,612,41566,607,649,19932,673,675,25591,697,671,25613,708,741,24461,633,642,41453,636,659,41428,636,652,613,597,657,653,645,612
2:13:16,37,27283,710,691,26603,706,710,26681,675,697,18968,633,642,561,570,582,591,596,588,599,588,628,608,602,584,594,613,569,567,541,626,601,614,562,587,623,678,19001,729,696,18858,695,688,20324,694,674,20026,603,642,556,604,546,570,600,589,600,594,596,556,628,601,576,622,642,583,622,589,651,603,588,41332,657,677,19975,724,724,24881,707,707,25282,705,711,24245,610,617,40930,586,669,41112,661,632,652,628,649,611,656,618
2:28:16,37,27062,710,717,26074,669,719,26574,710,707,18722,630,636,609,601,588,602,598,636,587,619,657,622,645,629,608,642,612,557,537,557,594,621,597,607,613,642,18761,709,703,18610,662,700,19956,680,687,19684,628,616,636,610,580,549,578,594,600,583,591,613,593,629,604,614,575,608,593,595,622,604,578,41017,599,670,19728,702,683,24736,700,719,24971,690,722,23837,641,646,40907,614,625,40941,615,604,628,603,608,607,588,636
2:43:16,37,26938,698,702,25682,692,692,26336,710,756,18734,619,627,563,584,606,558,573,620,577,560,605,606,576,570,595,572,538,584,623,560,592,568,548,579,645,624,18331,676,657,18309,641,692,19494,685,683,19434,628,654,613,571,555,579,592,632,572,536,598,612,626,624,612,570,564,592,635,581,580,655,625,41179,602,680,19206,667,704,24325,753,695,24597,734,687,23977,665,644,40690,625,668,40378,623,614,616,636,603,584,589,628
2:58:16,37,26830,661,651,25380,688,685,25658,694,714,17837,609,605,553,596,568,568,574,614,604,586,613,603,603,627,606,543,582,597,589,576,579,587,602,613,621,615,17495,646,685,17607,629,642,19243,691,679,19176,660,646,644,578,567,585,545,614,603,586,583,609,628,620,570,561,600,574,622,581,580,619,615,40626,653,646,18548,727,706,23844,688,699,23420,707,717,23046,650,599,40542,594,687,40662,613,602,597,638,616,637,634,597
3:13:16,37,26598,713,668,24524,673,733,24598,654,700,17354,621,619,562,568,599,605,626,678,629,577,644,573,602,636,601,623,570,537,589,584,616,626,620,592,633,606,16985,678,669,16830,606,676,18197,654,677,18144,623,684,626,551,559,573,599,573,588,595,576,597,600,623,587,610,550,610,615,581,612,599,576,40682,630,667,17840,705,656,22310,667,670,22745,697,657,21566,626,624,40120,612,644,40446,611,636,596,623,569,609,641,619
3:28:16,37,26899,689,692,23649,637,648,23635,663,717,16851,539,639,573,573,582,559,553,632,626,570,611,616,619,597,573,552,571,570,566,616,609,593,574,548,602,594,16194,646,660,16272,658,617,17547,677,678,17352,637,628,599,596,594,564,595,588,588,552,586,587,580,622,596,557,595,595,618,592,595,629,586,40153,647,664,16749,674,694,21547,677,664,21899,714,741,21179,604,597,39794,588,655,40267,594,634,607,606,606,581,594,584
3:43:16,37,26562,713,648,22918,686,671,23212,682,698,16271,583,623,587,554,585,547,572,645,593,611,595,595,634,624,610,580,549,558,581,554,600,606,572,578,626,648,16089,703,658,15810,631,633,16828,681,725,16907,614,636,598,603,614,576,561,616,576,570,557,564,575,621,596,566,571,570,595,609,597,637,582,40022,625,626,16268,724,679,20717,687,683,21202,700,704,20619,608,599,39238,633,652,39707,677,596,643,599,613,633,597,626
3:58:16,37,26628,646,708,22712,674,686,22953,727,671,15908,570,622,577,583,559,573,499,608,636,598,630,625,618,576,626,596,571,581,567,585,590,587,565,549,619,608,15270,716,667,15340,672,625,16333,679,627,16553,626,635,622,596,589,572,582,594,556,578,569,603,592,613,615,575,591,606,554,594,607,617,578,39275,636,635,15852,722,680,20503,699,655,20927,737,741,20395,587,627,39164,586,662,39225,619,626,601,633,613,609,599,631
4:13:16,37,26738,662,667,22237,721,712,22571,675,707,15429,582,628,594,605,579,548,572,614,626,588,549,612,595,583,592,537,569,571,557,583,590,594,571,562,640,579,14677,649,644,15025,661,704,15947,655,674,16275,597,629,594,614,624,584,553,577,583,555,591,579,631,638,575,587,575,606,601,615,635,607,538,39347,627,613,15508,685,699,20194,701,653,20585,687,729,19541,596,615,38709,594,657,38826,622,573,668,600,632,661,589,606
4:28:16,37,26666,705,720,21855,667,664,22179,693,682,14899,634,614,560,584,561,557,556,606,602,604,600,564,590,584,579,560,567,563,575,562,602,576,575,590,611,643,14267,659,667,14678,647,645,15823,658,675,15572,586,631,588,610,584,575,567,579,603,584,587,599,598,630,573,584,575,585,643,583,579,605,613,38924,634,657,15348,681,670,20030,700,683,20341,666,701,19436,623,623,38320,613,581,37660,618,590,604,641,577,617,617,636
4:43:16,37,26590,677,715,21662,669,685,21844,706,665,14927,595,606,568,568,564,550,581,645,592,599,617,585,608,604,610,531,575,558,561,530,610,555,580,601,613,635,14078,676,661,14542,659,663,15263,659,682,15184,648,640,598,575,570,598,565,590,593,588,602,617,631,586,582,603,628,591,635,567,622,597,612,37347,655,639,14899,706,724,19933,714,702,19879,716,657,18796,633,600,37783,576,633,36916,615,646,597,629,595,667,601,618
4:58:16,37,26561,686,685,21227,672,648,21583,678,697,14795,617,613,549,575,625,554,603,643,632,609,585,637,597,604,605,549,590,603,607,577,625,594,594,572,614,601,13990,683,663,14350,684,629,14945,673,661,15197,617,662,590,601,586,556,596,578,590,605,573,568,626,588,550,562,589,594,629,597,566,585,616,36429,621,683,14778,686,663,19556,697,663,20031,658,706,17995,605,595,36402,596,595,35738,607,608,631,647,646,623,624,634
5:13:16,37,26627,642,670,21105,709,696,21175,690,675,14613,592,601,592,569,550,563,564,648,594,611,582,594,611,659,609,561,576,578,537,601,608,616,624,588,618,601,13474,642,656,14044,643,659,14737,694,694,15035,630,622,602,612,587,574,554,583,603,605,576,607,583,649,598,603,594,564,655,578,622,609,606,35123,615,633,14864,703,695,19578,673,699,19593,658,675,18022,587,581,35496,594,639,35135,594,653,620,635,609,646,600,586
5:28:16,37,26577,686,664,20790,665,647,20976,685,706,14790,563,599,533,557,592,587,560,647,574,570,573,558,609,596,546,575,603,569,607,579,635,570,576,554,664,614,13561,628,633,13980,641,641,14158,704,693,14834,624,626,607,549,583,587,559,550,589,570,586,629,583,628,614,572,584,578,652,635,612,618,602,34212,657,604,14363,656,674,19429,664,682,19555,709,650,18041,583,586,34397,602,651,33913,633,629,632,663,623,609,636,590
5:43:16,37,26654,680,688,20518,657,706,20876,651,677,14641,610,597,562,553,585,554,549,619,595,597,543,577,624,576,606,566,549,562,573,585,609,604,584,562,632,634,13178,679,667,13642,634,663,13964,684,688,14448,618,655,577,540,563,615,587,602,624,582,592,556,607,623,575,601,602,590,631,573,602,584,610,33821,644,675,14485,679,680,19252,705,672,19165,684,673,18095,605,578,34114,562,629,32931,637,601,615,614,598,641,623,606
5:58:16,37,26708,695,699,20303,724,707,20353,680,698,14588,628,626,587,542,589,563,564,632,602,627,609,566,546,595,614,556,585,576,554,576,588,569,569,580,609,622,13046,679,615,13338,645,665,13565,654,661,14536,597,633,602,591,596,607,595,615,556,580,607,609,624,667,613,588,588,601,599,610,648,632,562,32391,644,622,14262,680,686,19129,686,690,18812,719,678,18019,589,611,33012,620,665,32255,594,595,592,676,643,679,634,602
6:13:16,37,26479,661,665,19973,637,696,20489,704,696,14487,605,620,573,577,568,581,579,588,627,614,642,600,585,624,593,556,557,554,560,630,576,555,584,579,615,605,12962,683,645,13089,644,650,13317,688,647,14187,635,653,558,539,583,571,574,564,605,605,549,582,598,630,586,574,543,608,710,609,593,585,603,31826,637,628,14225,675,689,18642,682,706,18882,676,712,16379,596,617,32771,611,687,31561,614,632,639,615,635,643,599,541
6:28:16,37,26771,714,672,19935,652,686,20126,680,687,14303,580,647,595,562,579,581,596,623,619,608,578,582,599,583,606,586,539,560,545,575,572,555,582,545,601,591,12763,634,614,13075,654,649,12938,676,673,14327,625,655,609,622,595,593,624,602,583,602,579,590,630,634,588,604,606,576,702,622,657,592,581,31213,602,657,14098,666,718,18737,687,658,18886,718,705,16429,595,591,31994,572,687,31191,640,635,637,616,605,597,602,622
6:43:16,37,26625,665,642,19641,670,711,19873,691,721,14154,626,621,573,555,597,565,534,653,590,588,603,582,607,617,565,547,580,564,563,583,595,601,597,546,618,607,12648,661,601,12902,622,643,12632,669,655,13990,569,637,615,606,625,542,611,597,580,617,560,613,592,577,592,559,586,633,663,644,575,594,553,30481,629,635,14173,671,652,18509,703,705,18784,712,680,16509,606,593,31657,594,598,30850,642,627,584,664,609,610,617,621
6:58:16,37,26927,663,709,19586,698,657,19844,690,679,14337,581,614,580,578,569,594,596,635,552,592,581,573,587,565,604,567,586,562,543,584,625,587,593,572,619,618,12362,688,673,12941,625,654,12522,642,656,13950,610,622,581,562,580,573,574,627,583,584,586,616,634,623,647,598,596,585,652,616,604,580,576,30350,652,627,13878,679,665,18544,686,680,18730,644,686,16702,616,638,31628,586,650,30383,604,624,619,625,620,653,639,584
7:13:16,37,26840,685,668,19411,700,677,19931,716,699,14288,609,647,521,591,576,602,581,578,558,580,606,581,606,609,568,589,580,552,569,606,573,627,569,610,590,552,12448,646,639,12686,648,631,12539,664,614,13919,603,676,586,570,577,567,588,614,598,606,606,581,595,670,615,629,585,599,666,594,619,599,575,29861,606,628,13728,676,667,18617,670,652,18825,686,656,16531,592,602,31011,603,641,30276,626,601,638,599,641,626,619,607
7:28:16,37,26813,651,650,19485,665,683,19726,684,713,14061,581,659,533,587,609,579,564,623,623,558,582,586,595,610,559,589,575,568,595,600,593,556,590,614,630,597,12346,651,662,12496,647,659,12733,662,673,13661,638,657,562,601,602,571,556,610,612,608,549,621,629,606,621,567,604,595,673,595,639,604,578,30022,631,655,13782,690,712,18201,706,690,18814,717,685,16875,602,569,30504,593,636,30367,657,633,623,621,608,666,590,635
7:43:16,37,26944,672,693,19148,681,700,19551,716,705,14333,592,613,552,561,613,543,550,596,595,582,573,573,618,625,623,570,577,567,577,585,591,576,598,580,635,623,12625,682,678,12474,677,619,12429,655,649,13649,653,632,578,549,601,570,594,606,628,603,553,612,635,595,612,583,613,576,674,606,626,625,540,29993,632,597,13849,698,624,18641,652,690,18577,680,711,16983,593,632,30512,627,630,30064,638,619,638,655,580,653,614,599
7:58:16,37,26794,635,670,19332,662,669,19659,707,652,13882,619,650,560,586,563,616,566,639,605,604,610,580,616,610,610,578,547,535,530,589,587,574,579,624,620,603,12692,629,657,12469,619,629,12386,687,674,13533,634,668,579,619,546,581,572,602,624,626,627,622,674,618,610,605,578,593,659,612,646,611,632,29929,652,636,13699,666,701,17876,699,690,18459,711,691,16854,663,593,29945,588,646,29980,638,614,656,680,634,617,620,592
8:13:16,37,26683,697,696,19357,694,702,19496,667,702,14145,592,625,574,567,590,599,548,605,605,565,579,615,619,611,589,529,526,557,565,594,604,613,580,551,628,618,12627,618,677,12468,644,663,12505,666,664,13502,621,638,590,597,568,598,596,550,585,599,575,595,579,657,589,573,627,590,678,656,618,623,574,29643,621,631,13597,669,691,17942,681,676,18322,673,689,17108,647,634,29708,632,621,30043,641,616,660,644,645,624,605,626
8:28:16,37,26666,657,696,19215,667,690,19366,651,654,14160,578,626,550,588,563,525,544,609,560,616,576,630,568,580,600,540,580,584,578,614,617,577,557,578,593,602,12748,709,630,12510,631,670,12171,688,644,13235,633,636,604,580,582,574,584,609,641,619,555,592,596,645,548,576,585,597,678,634,586,575,563,29753,608,646,13342,670,679,17618,690,694,18387,701,696,17197,601,607,29439,598,629,29953,610,618,598,662,596,620,625,606
8:43:16,37,26907,706,691,19132,666,699,19635,681,687,14144,622,646,540,605,627,549,595,613,585,608,591,608,589,584,561,561,561,565,559,604,616,548,578,593,643,623,12620,677,608,12489,662,648,12305,665,669,13239,607,608,582,612,571,574,604,589,628,601,579,596,629,604,599,572,650,577,643,605,608,594,603,29827,611,651,13263,702,726,17932,749,676,18266,675,726,17225,644,630,29076,599,632,29876,636,604,646,641,631,610,635,628
8:58:16,37,26980,706,706,19159,654,644,19596,701,717,13889,605,611,567,568,568,568,577,605,596,577,585,607,610,603,552,558,591,573,586,582,588,572,570,627,624,640,12758,692,663,12467,652,663,12314,662,670,12960,669,678,567,612,596,551,602,589,595,621,619,574,627,650,578,575,594,613,693,612,596,630,572,29773,634,671,13204,687,717,17030,648,672,18111,679,701,17214,597,591,29444,627,664,29669,641,621,615,639,671,638,588,621
9:13:16,37,26958,640,682,18928,690,663,19331,658,709,14090,558,654,595,565,567,577,580,653,585,603,601,574,605,610,596,564,560,573,564,558,609,602,574,552,632,617,12859,648,662,12670,633,632,12248,676,661,13011,656,621,583,596,588,619,597,622,609,600,550,591,641,620,570,615,645,584,634,618,618,613,594,29884,673,665,13418,668,693,16938,705,673,18278,706,687,17204,632,602,29092,606,629,29869,656,595,643,672,633,608,618,585
9:28:16,37,26770,664,699,19255,671,699,19354,669,704,13865,618,651,607,559,564,553,547,579,584,608,577,556,587,555,600,541,585,553,556,621,601,559,565,589,624,604,12931,660,688,12798,643,679,12253,681,697,12858,588,645,574,607,583,577,586,609,617,573,601,580,598,650,605,578,581,584,640,607,567,635,593,29896,626,605,13293,683,711,16872,674,664,18244,708,674,17054,591,627,29264,608,674,29795,585,576,642,700,589,631,609,621
9:43:16,37,26923,664,678,19264,689,665,19131,666,691,14006,621,676,544,599,546,558,573,592,582,571,553,595,581,510,585,548,575,560,592,608,560,577,577,560,618,629,13149,653,644,12799,647,664,12376,670,710,12748,618,629,574,584,554,585,591,582,598,595,583,608,608,663,563,585,598,615,661,571,592,606,561,29957,606,664,13233,656,704,17144,667,714,18087,678,695,16941,567,635,29029,617,654,29937,591,608,630,668,629,639,597,611
9:58:16,37,26664,663,643,19501,692,675,19271,660,660,13869,594,623,569,536,561,571,578,587,601,588,614,542,593,589,587,581,575,604,555,566,575,620,561,591,641,568,13226,637,697,13317,694,655,12514,667,684,12958,618,637,602,590,578,560,595,563,623,585,570,563,579,638,605,619,585,616,651,608,620,617,570,30009,598,650,13233,693,711,15992,663,678,18024,704,690,16870,639,628,29561,574,651,29773,635,626,643,686,675,619,608,550
10:13:16,37,26985,670,703,19315,709,651,19326,671,736,14118,603,649,603,640,587,548,584,570,635,608,586,592,597,581,632,578,586,537,575,586,576,605,579,587,636,614,13305,681,680,13178,660,613,12569,682,648,12768,617,661,593,596,618,596,611,627,574,591,633,625,563,662,567,610,632,584,694,617,599,613,559,29612,623,690,13265,695,683,17282,687,673,18346,696,748,17079,614,621,29342,618,632,29758,644,611,640,656,602,632,617,625
10:28:16,37,26804,684,724,19288,699,657,19452,699,694,13892,605,622,586,573,596,553,554,628,571,616,589,599,572,579,591,574,557,603,557,600,580,617,584,613,634,637,13247,671,653,13328,677,642,12827,657,684,12764,611,649,614,600,556,607,609,648,627,617,556,578,610,654,616,581,610,583,653,586,589,592,562,29929,613,674,12937,640,712,17282,701,693,18099,753,699,17179,592,638,29150,608,657,29682,615,600,634,636,672,608,565,593
10:43:16,37,26603,686,629,19068,692,686,19420,694,643,14101,566,648,522,560,615,568,547,586,631,594,569,606,598,625,606,600,586,565,589,556,582,597,571,620,641,615,13455,642,669,13432,636,640,13050,702,696,12873,616,646,566,609,567,594,600,587,619,600,573,571,635,589,569,566,641,589,657,589,608,643,584,29856,625,652,13024,690,668,16743,686,716,18553,692,702,16899,603,604,28955,588,667,29738,627,648,669,658,666,651,595,612
10:58:16,37,26734,679,717,19298,686,693,19636,682,735,14033,594,635,579,568,559,547,555,603,588,615,612,578,580,597,615,561,547,583,563,586,613,619,569,575,632,625,13464,641,633,13712,675,639,13248,685,671,12564,589,643,563,588,587,581,600,592,586,615,559,567,600,621,621,578,570,585,635,572,568,586,625,29996,643,616,13126,700,674,16786,693,697,18543,692,703,17091,603,562,28857,588,678,29890,659,614,602,621,656,620,614,591
11:13:16,37,26695,700,723,19235,685,652,19734,668,652,14088,612,649,598,590,595,590,566,588,604,583,579,579,575,593,622,556,557,550,560,581,607,615,565,584,597,601,13521,646,641,13718,612,681,13202,692,646,12805,648,656,562,575,611,538,609,625,583,631,554,590,628,624,602,579,598,612,665,607,578,621,615,29902,622,624,13197,685,689,16978,668,667,18571,689,703,16883,642,648,28820,591,666,30014,634,646,582,662,639,612,598,615
11:28:16,37,26887,665,673,19335,676,655,19771,699,674,14045,576,655,546,562,562,568,560,575,555,586,544,588,604,606,570,587,581,529,558,573,577,589,568,583,610,618,13812,633,650,13989,635,638,13289,658,687,12962,572,611,577,554,584,600,597,598,603,594,546,598,598,627,629,581,580,616,653,606,620,611,607,29809,605,669,13206,692,690,16917,703,699,18435,711,675,17243,642,591,29206,649,666,29626,640,629,597,633,629,623,598,624
11:43:16,37,27024,684,707,19444,673,664,19755,669,699,14145,616,652,590,570,573,551,550,604,596,591,567,587,535,585,604,604,594,543,581,544,577,576,556,569,645,601,13566,671,619,13799,630,666,13450,672,659,12845,626,655,602,567,588,571,605,611,587,635,582,557,612,629,620,589,613,584,652,608,612,602,589,29791,625,621,12862,638,696,17028,665,692,18363,690,709,17059,621,646,29364,598,659,29556,624,654,616,642,637,616,613,601
11:58:16,37,27030,685,677,19484,678,686,19818,664,700,14139,560,639,594,614,556,575,573,608,572,562,572,559,598,567,584,589,555,577,544,584,594,561,582,616,653,601,13716,659,640,13933,674,663,13254,692,673,12909,622,667,647,584,593,606,600,589,641,607,577,586,596,632,589,544,615,568,653,573,583,622,594,29995,590,645,13399,721,697,17002,705,699,18407,698,682,17090,626,613,28956,628,631,29714,642,636,642,624,643,637,604,643
12:13:16,37,27104,672,688,19569,706,703,19748,666,640,14248,584,696,573,614,590,577,567,598,583,603,568,562,608,615,589,588,585,547,599,549,590,598,539,548,625,595,13607,643,658,14133,617,640,13495,707,701,12980,541,625,588,592,559,577,608,586,620,610,573,585,645,639,607,551,641,594,634,601,637,636,598,30207,649,682,13132,718,723,16968,670,677,18375,700,667,17326,599,683,29210,612,653,29344,656,627,619,643,631,591,611,610
12:28:16,37,27069,697,651,19672,673,658,19932,651,660,14122,580,718,557,576,566,568,574,600,596,568,554,598,588,591,552,554,539,524,587,552,617,588,578,596,646,635,13563,648,679,14056,660,658,13439,665,696,12945,588,648,606,555,540,592,567,605,599,607,596,613,625,653,639,568,579,613,640,581,588,617,577,29863,630,664,12987,697,670,17104,704,711,18812,675,668,17203,627,650,29292,617,629,29823,644,643,624,675,634,651,603,632
12:43:16,37,27198,678,650,19792,678,700,19674,708,736,14096,591,663,559,601,581,601,562,614,590,601,574,565,606,589,546,527,531,583,579,607,632,582,575,570,629,629,13877,669,640,14239,610,652,13427,680,681,12882,594,655,617,600,610,558,544,603,623,628,578,605,632,663,610,581,620,577,688,596,623,604,567,30323,630,694,13295,687,656,17216,687,691,18481,705,718,17692,650,636,29303,614,649,29876,610,627,612,641,628,624,578,616
12:58:16,37,27139,690,658,19498,713,692,19904,682,675,14374,615,651,573,593,591,569,574,580,595,582,557,575,595,599,594,587,567,595,572,592,600,590,565,587,648,580,13600,686,629,14338,665,637,13531,651,632,12897,599,670,579,596,595,594,623,608,609,591,590,570,638,665,624,570,567,602,649,581,591,598,586,29798,600,668,13360,688,698,17015,713,683,18728,657,706,17379,655,629,29369,610,610,29794,620,641,608,645,628,648,593,619
13:13:16,37,27069,676,669,19455,676,747,19708,700,677,14429,573,616,591,554,574,568,563,599,596,588,623,569,603,578,586,559,599,548,558,608,639,623,583,605,639,606,13917,681,620,14622,653,631,13500,675,709,12934,597,658,576,569,605,553,571,612,606,567,574,615,609,642,590,564,576,578,669,572,629,588,574,29993,638,636,13313,699,688,17669,696,695,18719,712,726,17504,604,624,29663,608,637,29695,576,673,617,632,608,659,605,565
13:28:16,37,27043,701,664,19428,721,636,19894,675,669,14314,581,630,568,582,584,622,547,604,630,587,597,642,598,587,635,579,574,585,582,582,655,609,552,591,641,606,13772,656,642,14622,639,649,13677,689,654,12845,599,620,588,618,582,563,628,586,625,601,571,575,607,663,605,616,590,606,654,563,611,626,608,29779,628,667,12839,700,688,17659,638,673,18484,679,683,17454,623,620,29233,609,662,30006,614,647,646,656,633,630,642,567
13:43:16,37,27009,687,655,19477,702,647,19785,692,641,14522,589,603,582,600,549,626,594,572,594,590,598,586,630,585,608,557,599,557,566,580,647,615,577,596,633,615,13831,668,648,14604,645,676,13546,654,665,12839,616,667,565,567,604,582,581,609,611,595,558,551,624,652,621,611,650,615,628,609,634,621,577,30012,639,635,13193,720,682,17698,675,684,18517,669,700,17541,608,613,29584,608,663,30043,621,606,623,677,609,692,549,600
13:58:16,37,27132,658,684,19277,692,652,19462,704,681,14376,597,630,581,551,563,574,550,603,570,590,576,596,621,633,585,592,575,562,579,587,618,594,543,570,636,655,13834,665,706,14882,670,682,13642,666,665,12709,585,654,574,589,570,594,593,585,593,572,607,612,598,609,631,583,591,588,617,565,618,650,606,30159,639,669,13042,696,688,17742,699,723,18573,674,676,17771,639,650,29466,590,644,30008,605,635,662,629,670,623,595,584
14:13:16,37,27029,676,717,19296,704,676,19571,701,695,14544,623,646,578,594,553,587,603,626,593,605,578,573,583,585,614,556,548,556,606,580,616,545,612,575,615,619,13939,661,669,15099,637,646,13851,631,651,12891,603,640,567,549,573,569,619,596,601,604,589,603,657,652,606,543,603,621,635,599,597,637,616,30640,667,655,13034,712,708,17524,721,741,18638,672,695,17660,578,609,29544,608,655,30192,609,609,594,652,652,652,590,606
14:28:16,37,26894,660,671,19465,672,677,19406,647,678,14446,602,656,588,566,554,623,526,590,556,610,587,592,571,597,583,548,579,526,573,604,602,627,572,622,635,559,14063,623,678,15288,714,629,13567,650,645,12760,619,629,620,565,601,590,620,634,625,642,589,607,597,617,593,596,579,597,635,553,608,628,573,30380,622,681,12984,671,680,17556,691,700,18028,711,681,17642,612,616,29671,599,648,29908,639,629,608,654,635,619,583,625
14:43:16,37,26858,668,685,19301,662,671,19452,653,668,14411,588,666,571,597,584,575,564,594,575,615,581,604,546,604,602,560,556,591,576,602,603,621,579,592,613,647,14159,617,670,15460,653,683,13738,684,650,12984,641,633,587,591,562,603,621,560,649,593,596,555,623,613,568,610,600,630,667,577,615,614,563,30398,671,655,13108,684,713,17471,707,695,18610,705,720,17753,624,641,29742,571,623,30153,641,640,639,693,606,583,598,593
14:58:16,37,26898,673,673,19176,680,692,19524,659,721,14578,582,631,587,587,558,562,589,588,573,546,578,604,567,592,627,568,563,574,582,574,599,601,550,572,633,603,14229,683,653,15691,670,644,13432,661,670,12835,643,670,589,578,566,553,598,592,656,602,580,608,589,636,617,563,616,577,613,562,612,597,567,30343,631,644,12825,683,727,18137,659,689,18644,685,681,17414,616,640,29668,561,660,29824,629,645,599,651,643,637,637,574
15:13:16,37,26899,680,692,19151,668,649,19445,715,694,14717,586,638,596,570,561,586,570,564,576,568,559,555,600,522,615,570,568,535,540,583,618,647,616,580,648,613,14216,681,643,15829,651,672,13580,707,690,12805,614,602,565,603,553,531,626,622,595,611,564,586,617,681,617,619,583,599,605,638,617,613,591,30220,646,660,12947,656,703,18203,701,662,18769,692,721,17640,573,632,29538,603,637,29958,589,643,652,656,645,659,624,595
15:28:16,37,26971,689,681,19028,663,696,19300,644,661,14884,585,635,590,561,561,578,558,583,607,601,588,555,607,634,584,555,532,584,544,577,593,582,596,583,673,606,14236,641,627,16100,674,655,13585,669,656,13139,616,659,600,603,558,586,599,598,615,604,553,580,602,629,588,612,598,580,653,590,629,635,578,30591,610,659,12969,650,674,18390,690,708,18677,673,699,17677,637,612,29650,610,622,29835,638,676,619,644,642,651,591,600
15:43:16,37,26893,679,701,19042,687,673,19163,672,710,14770,601,656,577,584,542,580,576,590,649,542,572,601,541,546,599,586,559,541,576,595,574,601,549,576,571,595,14250,654,634,16687,654,663,13597,677,658,13091,631,637,596,584,561,642,583,579,595,606,601,618,632,652,594,594,579,595,621,594,614,632,599,30828,625,649,12797,715,653,18400,667,720,18629,679,694,17516,612,641,29533,614,636,30182,604,627,636,647,619,606,621,596
15:58:16,37,27195,667,637,18640,669,721,19210,689,681,14854,581,672,549,626,542,608,548,588,611,590,581,584,610,562,569,566,586,571,558,595,639,626,551,557,654,610,14433,666,638,17073,595,672,13656,664,646,13005,593,673,595,623,582,576,612,546,598,585,563,574,665,671,579,594,598,576,651,605,597,648,599,30596,640,641,12899,690,724,18215,681,682,18709,698,681,17671,626,657,29382,619,632,29985,621,666,623,678,604,636,592,598
16:13:16,37,26984,660,676,18959,672,645,18934,665,657,15133,618,652,556,575,576,557,570,592,542,599,607,570,605,631,549,559,581,542,554,572,602,577,587,616,611,610,14600,662,652,17416,621,657,13441,686,667,13133,590,656,649,573,584,617,550,600,638,593,565,605,588,627,605,550,599,538,678,646,617,619,599,30290,646,695,12933,667,676,18357,691,636,18646,716,683,17671,596,637,29358,630,681,29944,609,643,673,661,637,614,572,606
16:28:16,37,27054,697,673,18995,666,668,18788,674,675,15013,589,645,550,574,550,584,596,612,630,556,595,609,603,611,579,547,550,564,557,589,592,619,585,622,591,581,14674,670,639,17949,664,635,13726,661,681,13020,625,632,632,616,569,559,600,589,594,577,546,604,582,696,565,624,595,553,650,582,627,602,551,30098,624,672,12777,710,667,18330,679,693,18656,718,711,17649,622,611,29066,618,623,29783,651,624,644,617,637,600,620,610
16:43:16,37,26792,655,668,18765,648,653,18792,654,671,15015,612,666,570,590,575,599,582,612,587,623,570,610,591,569,583,573,601,559,547,586,580,624,539,597,622,598,14748,647,648,18328,705,629,13799,681,695,13208,567,643,596,600,537,593,615,574,607,611,580,616,575,731,605,622,589,554,650,598,595,626,602,30492,602,681,12896,676,678,18318,696,733,18913,704,714,17897,609,630,28853,599,648,29613,634,673,626,653,602,612,644,625
16:58:16,37,26994,679,662,18707,637,692,18598,682,687,15196,579,641,570,580,590,576,583,600,562,607,571,562,611,607,567,612,590,573,596,574,624,587,575,594,617,616,14920,651,636,18762,656,676,13900,673,668,13136,612,660,589,604,590,591,587,625,596,585,571,599,603,719,620,562,605,629,670,635,602,610,596,30194,646,632,12815,666,675,18252,708,686,19021,721,666,17836,613,677,28811,604,664,29900,643,641,645,645,662,623,571,598
17:13:16,37,27007,630,671,18800,666,709,18684,679,694,15218,603,665,587,559,521,559,560,594,591,573,582,589,606,632,574,585,567,558,566,567,624,614,568,550,609,581,14885,674,639,19261,635,638,13785,656,661,13104,615,650,577,585,600,594,619,601,625,587,566,599,634,698,572,638,581,580,688,620,620,646,566,29804,641,687,12735,686,635,18610,702,732,19133,713,713,17952,645,632,28879,622,639,29892,673,635,655,659,606,607,604,577
17:28:16,37,27135,666,667,18842,672,649,18644,674,637,15354,572,656,548,610,608,560,579,592,559,567,599,567,570,590,600,573,583,580,583,573,576,588,613,587,628,618,15085,674,671,19654,629,678,13751,639,714,13204,624,637,581,604,560,610,545,651,603,583,580,598,606,720,597,611,619,583,643,625,632,631,566,30120,676,701,12772,682,673,18523,689,683,18979,728,669,17801,622,654,28767,608,647,29820,646,654,632,652,632,637,642,587
17:43:16,37,26731,667,682,18639,682,667,18751,662,674,15436,616,664,531,567,577,554,552,556,607,614,564,570,608,611,583,542,525,601,578,572,573,607,618,645,619,576,15196,665,624,20259,641,628,13826,651,653,13197,614,652,576,599,552,566,566,596,589,577,570,606,605,692,576,593,601,587,625,577,650,605,574,29733,600,681,12958,692,709,18728,713,703,19258,684,692,17901,588,674,28796,578,661,29634,595,663,636,634,572,628,592,556
17:58:16,37,26756,681,680,18654,662,664,18768,657,668,15666,627,677,553,556,546,584,562,551,611,588,553,576,585,629,578,610,591,536,579,579,562,615,577,577,614,618,15523,683,631,20476,657,669,13903,688,694,13184,612,637,603,577,617,582,554,593,610,609,568,582,593,683,622,603,616,570,599,592,617,609,587,29669,631,648,12796,679,664,18545,658,697,18991,691,649,17948,640,607,28474,621,650,29314,639,606,615,694,621,647,645,608
18:13:16,37,26858,733,665,18565,663,693,18953,685,641,15625,625,633,559,592,550,554,575,568,582,591,582,573,592,610,602,575,553,566,586,614,598,609,580,572,677,615,15510,655,671,20486,641,656,13916,681,667,13091,632,634,588,602,564,544,559,591,613,611,605,575,618,712,606,585,580,590,686,604,622,604,599,29427,612,676,12998,668,654,18525,693,700,19137,697,695,17961,605,624,28301,610,611,29374,635,618,632,665,631,652,612,641
18:28:16,37,26796,679,651,18571,648,694,18624,674,643,15831,595,690,551,578,571,586,543,581,587,590,541,620,594,597,575,592,574,619,554,578,561,616,555,624,621,586,15924,686,623,21076,620,670,13981,665,662,13202,644,693,585,567,572,571,592,582,627,594,591,581,649,714,611,611,571,616,616,581,666,561,569,29543,630,668,13042,714,664,18666,696,670,18868,653,698,17832,619,678,28016,589,653,28969,632,681,657,651,635,629,583,609
18:43:16,37,26843,696,665,18532,647,701,18562,699,711,15777,628,681,546,579,613,562,596,535,602,551,595,606,568,615,590,573,573,572,543,615,625,646,568,580,622,625,16144,674,623,20999,668,635,14067,675,662,13339,615,674,603,601,583,573,554,616,608,600,572,601,644,723,685,588,609,570,612,626,617,580,589,29227,593,674,13018,688,710,18768,664,704,19038,683,710,17867,593,613,28121,638,639,29294,592,627,644,675,666,630,638,615
18:58:16,37,27007,701,714,18371,708,676,18734,671,686,16019,618,694,573,605,566,604,578,570,561,610,605,585,596,587,604,600,566,576,562,604,607,549,550,624,634,601,16423,662,633,21812,644,611,14081,687,678,12909,625,646,606,607,570,570,555,575,590,609,583,550,631,693,606,602,615,598,644,594,639,591,541,29491,630,613,12932,689,678,18585,666,693,19206,705,662,17783,614,651,28168,618,630,29304,626,650,609,684,664,691,596,580
19:13:16,37,26635,644,647,18563,677,669,18574,669,687,16338,605,614,584,564,538,567,645,581,601,580,560,612,563,578,593,605,608,545,541,581,600,576,582,568,646,571,16523,678,648,21866,654,681,13590,650,661,12977,613,623,618,594,580,619,585,594,576,589,585,618,597,680,604,610,630,590,664,569,593,623,592,29012,627,650,13167,671,691,18745,689,712,19101,727,687,17765,618,587,28068,602,668,28944,592,637,599,707,630,623,615,593
19:28:16,37,26628,708,696,18569,636,645,18740,684,688,16404,616,637,587,593,609,570,615,596,596,580,571,601,559,622,568,610,567,575,597,601,656,615,616,535,634,597,16811,645,682,22239,649,713,13528,654,683,12882,589,628,600,586,562,617,590,634,608,592,612,547,633,682,600,603,620,598,618,606,616,638,597,29000,643,660,12991,688,667,18674,667,689,19262,664,706,17693,618,606,27790,646,647,28841,606,627,636,680,639,600,601,650
19:43:16,37,26460,676,675,18621,681,639,18589,667,632,16564,624,621,568,574,567,589,563,573,562,601,568,613,628,577,634,587,601,551,564,594,664,571,576,596,602,586,17504,679,681,22275,690,651,13379,651,625,12933,604,630,583,575,561,579,551,620,619,621,560,587,610,694,615,595,548,587,638,590,626,692,606,28765,653,688,13185,694,723,18633,725,711,19182,713,691,17868,631,588,27785,599,623,29024,623,638,619,667,660,643,597,611
19:58:16,37,26876,663,652,18471,677,686,18707,709,674,16917,650,617,585,576,585,591,575,586,613,582,653,586,621,590,562,591,587,562,588,601,619,588,582,595,627,598,17584,690,614,22560,662,680,13671,678,663,12897,587,643,588,604,582,585,552,627,601,591,596,619,599,682,618,593,601,593,632,638,596,612,618,28733,598,653,13125,650,692,18591,658,677,19060,731,716,18160,628,613,27713,634,663,28533,656,614,631,676,623,618,602,601
20:13:16,37,26694,659,659,18470,661,691,18554,682,680,16761,623,662,588,567,531,576,592,579,622,611,551,572,612,626,595,609,565,521,578,603,624,614,573,579,626,601,18212,669,625,22543,683,660,13569,688,689,12990,591,710,574,588,558,573,596,568,631,582,602,589,599,676,575,610,576,597,640,610,623,612,622,28628,657,626,13247,663,710,18742,651,695,19429,660,644,17926,594,593,27932,608,607,28753,645,630,620,646,632,643,624,604
20:28:16,37,26516,671,642,18603,662,646,18407,725,672,16930,609,628,582,615,595,533,545,604,589,617,570,614,590,592,591,553,549,602,557,614,564,596,612,656,605,601,18144,650,648,23329,640,665,13709,668,695,13229,564,666,557,601,594,580,581,613,578,615,568,584,590,684,607,589,609,588,591,602,638,598,566,28661,632,648,13369,697,698,18633,736,703,19212,706,693,17810,610,637,27909,599,652,28604,620,657,625,669,603,659,604,603
20:43:16,37,26695,638,645,18400,714,668,18491,670,666,17221,594,632,582,564,547,573,578,591,570,607,548,576,563,609,642,590,583,595,595,572,626,603,606,594,600,607,18626,641,631,23521,693,642,13705,691,673,12921,614,642,631,558,595,557,586,581,580,610,586,573,596,702,579,604,579,584,651,590,630,617,613,28375,612,689,13328,671,645,18936,671,692,19513,687,648,17824,625,631,27947,574,622,28478,633,626,668,663,618,702,636,601
20:58:16,37,26380,691,666,18417,678,670,18067,649,653,17709,603,673,557,570,559,538,582,567,591,597,583,625,606,564,590,577,548,586,572,646,561,575,578,583,612,633,19091,630,643,23846,632,625,13700,661,666,12896,571,631,597,593,559,593,624,606,612,583,568,610,610,729,588,575,613,612,622,615,615,595,605,28290,666,680,13200,680,666,18930,670,746,19643,684,689,17989,624,620,27952,604,664,28222,625,667,594,619,614,652,580,587
21:13:16,37,26495,654,678,18520,706,685,18224,649,692,17738,612,629,594,613,587,556,576,558,570,576,561,572,594,599,598,597,557,576,556,631,557,605,558,614,614,607,19621,669,691,24321,644,670,13834,695,659,13101,593,650,567,543,584,554,578,615,599,612,563,582,628,677,595,566,608,550,608,595,669,594,580,28352,645,687,13259,680,671,18806,704,686,19421,706,673,17626,601,656,28096,596,649,28554,650,644,641,693,667,635,624,560
21:28:16,37,26524,705,679,18279,661,655,18380,667,659,17993,652,661,589,591,546,548,589,602,611,603,601,589,577,584,606,561,548,586,535,619,575,630,560,619,609,585,19840,714,640,24692,666,672,13929,658,678,13239,631,645,576,583,576,595,589,590,612,602,580,606,598,659,614,570,608,578,608,586,602,603,629,28271,644,680,13282,700,659,18834,684,683,19226,666,722,17901,626,620,28374,669,643,28102,622,610,625,684,614,638,595,599
21:43:16,37,26466,670,653,18660,677,676,18106,692,719,18260,601,643,542,573,577,563,597,601,608,588,634,587,590,630,603,599,559,566,588,623,614,617,601,608,614,589,20488,709,657,25074,624,686,13776,677,660,13474,601,654,605,621,596,600,594,535,592,601,612,608,592,683,626,617,611,586,609,609,632,603,603,28507,636,682,13428,666,655,18872,661,677,19459,699,685,17980,638,631,28384,610,662,28372,619,623,654,688,643,640,615,620
21:58:16,37,26371,673,678,18287,728,671,18275,654,644,18440,664,595,567,593,562,570,535,584,598,577,608,594,570,602,590,597,583,565,543,648,630,550,581,575,602,609,20419,639,676,25282,664,640,13890,693,669,13465,634,646,535,585,562,587,592,603,604,627,556,586,600,668,580,592,597,602,663,598,581,603,591,28416,622,665,13479,714,695,19089,695,698,19692,694,665,18066,605,629,28186,574,624,28554,623,698,647,662,641,662,624,628
22:13:16,37,26730,707,666,18484,671,696,18273,643,694,18665,658,625,587,578,573,601,537,566,583,590,591,579,599,631,573,530,562,583,592,605,612,582,646,594,589,610,21132,672,681,25965,664,654,13906,726,671,13388,596,652,641,598,586,598,541,581,580,593,577,578,608,634,575,563,596,579,632,604,577,598,575,28363,614,691,13445,697,668,18681,713,667,19733,677,716,17807,632,620,28197,577,655,28010,608,661,676,649,624,607,591,591
22:28:16,37,26334,723,681,18192,635,676,18373,674,693,18798,631,650,571,590,551,582,578,597,587,580,578,615,600,627,597,579,549,606,614,603,579,585,589,594,621,638,21650,665,689,25983,662,626,13930,680,672,13484,596,638,588,637,570,542,580,590,575,577,572,600,596,660,606,619,558,599,601,617,611,590,597,28320,640,648,13033,686,658,19078,699,673,19686,692,694,18014,643,656,28416,610,651,27909,611,655,677,609,662,629,602,598
22:43:16,37,26537,701,705,18585,677,662,18215,681,671,19175,655,662,568,573,602,577,562,603,551,638,613,558,596,594,623,579,559,546,577,600,606,577,579,598,627,635,22017,683,644,26430,633,643,13976,652,652,13528,620,618,601,604,583,558,609,588,616,567,613,571,607,648,572,556,598,574,621,600,616,643,573,28372,620,671,13336,664,684,18795,688,679,19567,678,674,18255,597,622,28363,613,641,28326,664,632,640,681,653,637,614,675
22:58:16,37,26426,680,679,18472,658,694,18140,636,667,19308,611,651,574,566,557,563,565,571,599,595,578,562,581,581,654,595,595,600,576,590,621,584,599,558,606,581,22937,662,649,26326,665,651,14000,664,705,13836,598,674,592,628,585,603,596,606,603,577,571,580,631,635,609,616,620,632,661,601,617,605,563,28189,619,675,13417,672,701,19096,659,645,19383,730,693,18152,593,683,28023,626,670,28167,644,601,623,649,629,619,582,580
23:13:16,37,26271,663,685,18361,679,715,18167,674,688,19608,670,632,586,588,576,565,548,587,610,622,599,603,625,608,615,565,601,551,562,603,575,594,580,564,607,652,23476,673,640,26868,658,633,14206,664,677,13815,606,676,604,596,575,596,625,625,600,599,591,625,591,678,621,596,614,556,659,616,630,591,575,27977,616,664,13507,709,684,18905,682,711,19571,671,689,18073,656,610,28098,620,667,28087,642,655,605,651,635,625,602,600
23:28:16,37,26465,688,667,18599,655,720,18421,685,627,19918,629,677,586,602,588,579,605,569,600,613,566,593,589,614,594,544,583,592,571,620,619,604,565,615,620,617,23959,688,670,27094,679,670,14383,677,694,13940,607,645,613,599,596,577,593,594,597,606,611,583,605,683,606,588,598,629,625,589,609,637,612,27791,630,696,13616,694,688,19140,708,717,19685,688,703,18145,584,641,28128,596,666,27871,609,652,657,657,675,656,637,612
23:43:16,37,26367,662,676,18432,649,666,18405,684,678,20072,641,606,548,598,581,564,540,614,577,597,591,593,577,596,562,603,584,591,584,595,650,602,555,611,671,602,24897,661,691,27270,651,668,14637,693,699,13927,614,671,585,562,597,554,612,591,630,604,565,595,601,640,579,603,592,590,637,568,627,667,590,27801,656,675,13674,697,691,19264,697,706,19791,680,683,18060,598,633,27737,603,691,27975,642,589,637,648,634,634,599,645
23:58:16,37,26153,710,707,18622,679,665,18466,720,686,20543,622,649,552,572,553,567,575,594,595,592,625,590,604,581,589,598,545,555,534,550,637,638,571,616,598,624,25413,666,675,27456,684,672,14488,670,677,13773,607,628,637,608,603,595,586,581,574,627,629,630,605,615,570,595,585,575,639,619,608,629,577,28198,644,678,13750,675,697,19317,696,700,19595,698,677,18305,601,627,27778,634,678,27970,621,641,618,664,655,654,604,601
24:13:16,37,26318,675,654,18960,646,656,18311,672,669,20677,633,622,593,598,569,586,605,617,599,600,547,626,561,594,600,569,563,559,609,611,611,604,604,603,602,629,25915,674,663,27647,617,662,14722,683,665,14050,597,681,606,604,631,563,642,656,605,590,582,622,610,656,585,623,594,606,620,583,641,644,612,28012,626,666,13826,654,647,19440,679,695,19659,652,671,18566,588,664,27672,597,666,27825,617,656,667,682,642,640,598,632
24:28:16,37,26420,678,720,19005,680,731,18381,665,693,21005,662,644,617,574,561,577,536,615,597,584,589,586,558,627,619,609,556,578,559,601,586,618,570,575,593,617,26547,647,632,27957,647,614,14739,707,678,14362,592,657,584,595,576,606,616,636,654,576,541,587,604,635,618,623,618,609,604,593,611,626,566,27862,675,676,13617,683,698,19277,701,707,19742,680,699,18168,627,659,27584,600,617,28181,605,636,637,677,650,652,601,607
24:43:16,37,26180,665,645,18726,655,690,18571,677,688,21439,610,679,619,585,534,553,613,572,601,590,547,607,625,611,593,569,586,597,598,585,591,588,570,593,616,569,27202,680,681,28435,630,644,14928,659,630,14332,585,708,579,606,604,578,560,580,598,619,590,574,632,613,599,618,560,636,605,585,639,571,589,27819,654,684,13787,672,639,19300,727,683,19616,688,732,18734,612,624,27442,588,672,27752,623,665,617,662,657,614,602,641
24:58:16,37,26364,661,676,18729,648,650,18860,701,683,21334,616,628,580,566,580,560,584,585,581,635,628,606,617,612,590,588,572,606,580,600,623,570,620,588,643,608,27888,705,654,27930,615,671,15208,660,688,14335,599,653,576,623,609,590,583,593,550,565,604,597,625,664,590,631,588,598,633,630,627,609,598,27691,630,687,14022,675,694,19288,701,707,19820,721,679,18550,605,608,27690,609,656,27722,675,638,651,654,665,654,611,615
25:13:16,37,26475,680,687,19023,696,697,18742,700,700,21592,602,697,611,609,570,583,585,613,611,580,598,590,616,632,583,570,585,552,564,607,585,602,579,588,632,643,27953,710,631,28277,643,648,15276,703,685,14282,638,658,578,597,570,594,592,611,605,602,561,611,625,650,637,651,620,617,613,576,609,599,581,27775,625,674,14023,666,709,19531,686,654,19749,694,681,18699,608,603,27743,651,644,27730,637,631,626,672,617,629,633,629
25:28:16,37,26289,668,664,19126,703,679,18715,683,673,22039,634,660,588,587,537,581,594,624,573,590,593,579,585,600,613,582,594,554,599,622,625,612,600,571,639,596,28353,696,704,28393,656,696,15426,670,658,14441,580,642,627,558,564,552,590,617,635,592,592,618,612,684,609,625,568,600,596,567,653,614,610,27678,615,652,13748,729,675,19450,663,707,19972,677,693,19207,610,628,27313,617,659,27490,650,625,645,679,650,672,620,618
25:43:16,37,26098,655,652,18937,706,710,18969,653,684,22249,678,614,582,592,565,562,583,614,590,598,562,579,622,628,597,577,587,585,600,555,585,588,592,618,597,625,29570,677,663,28838,669,638,15471,679,652,14645,632,677,580,571,585,590,598,585,587,558,609,626,633,656,605,599,559,620,609,606,588,602,580,27497,642,661,13905,711,666,19407,679,648,20087,662,638,19339,612,623,26980,581,676,27716,650,661,648,664,635,650,690,618
25:58:16,37,26236,646,645,19101,697,658,18868,664,668,22463,621,620,602,581,593,594,590,580,556,609,619,575,622,615,595,573,566,560,607,622,620,596,584,617,621,648,29868,667,666,28994,628,657,15337,682,698,14618,580,656,641,606,567,551,628,619,614,603,599,561,602,610,620,615,622,603,672,595,627,602,580,27784,614,661,14267,702,694,19476,671,705,19920,703,686,18789,575,723,27456,587,661,28120,641,667,616,654,623,650,626,612
26:13:16,37,26446,628,699,19263,684,710,18999,678,633,22685,646,656,578,581,578,596,594,567,599,581,599,618,608,622,623,617,545,574,579,614,616,628,588,584,640,683,29980,699,605,29165,666,670,15713,667,666,14771,663,711,607,562,582,580,601,645,608,588,606,593,637,668,674,606,593,610,631,583,624,593,602,27653,625,643,14148,723,696,19190,665,687,19852,679,734,18623,617,660,27028,613,674,27836,653,653,691,658,605,646,619,596
26:28:16,37,26074,678,676,19385,704,696,19352,676,712,22975,620,672,614,601,562,583,560,600,591,611,582,575,609,627,575,602,559,600,610,594,575,586,608,605,615,618,30380,631,654,29050,627,629,15703,677,713,14605,615,703,595,595,547,590,609,611,569,603,582,603,600,658,594,601,628,577,628,624,638,572,632,27562,621,663,14129,682,703,18032,736,641,20462,675,674,18806,615,645,26938,578,652,27669,658,640,670,670,640,640,629,606
26:43:16,37,26121,697,653,19468,699,730,18994,688,676,23264,660,657,569,607,575,597,573,584,630,636,591,606,618,643,593,595,597,593,577,597,599,622,567,593,679,632,31080,672,675,29281,623,659,15824,667,691,14767,602,651,583,585,552,560,614,618,634,586,611,593,630,646,614,635,587,590,633,603,699,593,578,27523,675,649,14223,659,696,18040,719,660,20233,658,673,18621,619,638,26577,615,614,27828,622,631,652,619,652,697,605,657
26:58:16,37,25921,666,646,19723,659,711,19144,628,705,23328,608,648,594,610,569,582,609,609,597,609,574,580,613,606,598,616,596,585,605,596,585,559,621,559,656,600,31216,711,644,29508,635,654,16056,694,654,14637,625,640,585,633,557,601,591,592,608,601,619,622,622,645,614,620,597,599,622,598,616,568,609,27323,664,672,14318,719,724,18545,726,678,20338,644,682,18417,619,642,27004,588,688,27782,655,668,643,665,627,639,684,635
27:13:16,37,26269,667,673,19616,679,677,19432,706,632,23331,660,624,588,565,541,585,545,575,582,597,568,591,612,672,621,622,590,615,595,604,656,599,594,572,644,635,31534,708,677,29668,653,652,16139,644,664,14674,609,634,607,620,610,572,581,567,600,599,598,608,632,648,602,608,593,578,663,570,632,623,605,27213,664,660,14455,658,714,18521,678,701,20170,699,674,18936,604,648,26715,622,607,27684,677,635,628,656,629,678,609,610
27:28:16,37,25936,687,732,19493,676,693,19301,641,662,23442,622,658,572,598,624,601,587,598,597,609,582,548,623,597,619,544,590,559,596,574,568,610,606,540,647,641,31622,684,660,29868,666,673,15986,691,659,14833,631,682,593,613,602,599,594,596,604,654,602,573,616,653,621,594,578,598,616,594,618,615,627,27133,625,658,14565,666,690,18599,669,669,20143,698,703,18774,615,603,26589,591,646,27597,635,634,640,651,657,670,653,635
27:43:16,37,25832,702,668,19828,675,679,19238,686,670,23663,644,664,558,608,560,571,537,602,569,614,618,592,589,621,574,563,536,629,638,605,648,628,592,576,627,647,32022,706,645,29915,654,626,16345,665,635,14659,621,657,616,581,607,617,605,616,597,583,550,579,594,646,590,588,621,617,617,592,643,598,607,27172,679,662,14600,730,681,18555,682,652,20049,717,699,18673,603,644,26555,587,671,27642,659,627,659,656,664,645,628,630
27:58:16,37,26045,673,684,19757,683,682,19563,677,646,23815,632,683,583,551,578,619,562,565,629,602,565,584,568,619,601,592,567,564,585,600,587,604,611,591,618,640,32350,671,646,29488,642,661,16293,676,679,14663,622,689,588,567,534,566,589,582,585,596,596,598,598,668,613,631,627,608,619,551,640,602,565,27140,669,678,14796,689,649,18720,713,731,20095,707,687,18820,606,639,26275,594,704,27946,641,625,645,633,654,697,646,581
28:13:16,37,25864,690,705,19946,655,691,19469,652,680,24608,658,643,612,597,545,535,597,585,558,593,594,624,587,621,570,580,584,551,572,560,613,620,602,590,632,611,33026,676,638,29724,659,685,16329,679,688,14817,616,666,615,662,563,553,557,655,609,581,588,618,618,653,624,615,614,577,596,560,643,658,588,27229,629,689,14737,692,710,18665,668,689,20428,700,690,19034,653,666,26302,627,665,27680,607,633,617,683,685,665,622,605
28:28:16,37,25812,654,690,19902,654,664,19595,644,705,25009,669,621,590,620,616,583,562,595,584,605,555,594,611,638,561,594,576,564,604,606,580,590,603,554,649,610,33083,669,666,29992,676,655,16476,666,668,14778,629,675,605,597,543,592,576,593,570,592,569,617,624,621,618,589,597,614,656,601,630,638,602,27287,668,653,14930,700,698,19087,702,696,20474,693,681,19143,643,637,25907,615,643,27344,636,631,639,672,594,682,609,657
28:43:16,37,26018,654,681,20327,700,663,19616,676,671,24920,640,639,584,587,547,584,565,572,613,611,600,582,602,601,584,603,584,590,560,590,612,576,539,586,644,652,33241,659,624,30052,646,640,16633,707,695,15011,629,648,643,606,567,576,590,605,599,594,543,616,623,649,606,620,638,614,603,628,599,638,609,27087,653,679,14956,683,698,19149,689,669,20429,687,665,19256,604,621,25987,578,683,27577,621,643,638,675,642,666,621,631
28:58:16,37,25703,621,701,20031,656,690,19931,704,686,25028,596,636,603,575,543,573,608,626,581,590,594,586,611,593,604,582,544,559,568,604,580,605,597,599,606,631,33461,668,656,30186,647,663,16792,642,698,15119,628,675,582,584,590,592,600,657,619,609,610,603,650,666,608,586,582,575,620,607,622,557,603,27358,635,723,15045,702,702,19180,695,688,20563,727,715,19514,617,646,26042,600,621,27513,651,642,640,665,639,635,644,627
29:13:16,37,25738,688,688,20295,665,701,19808,674,664,25439,668,645,556,589,570,591,603,566,584,589,545,585,598,633,561,560,573,570,560,588,590,617,621,616,604,607,33841,687,674,30275,670,661,16606,642,674,14921,593,632,608,542,581,613,633,624,566,617,578,537,628,719,591,612,627,587,642,620,616,595,583,27168,668,660,15082,694,685,19322,693,696,20800,675,677,19777,584,686,26110,645,718,27137,622,617,648,628,652,677,591,677
29:28:16,37,25914,729,661,20599,668,694,20065,691,663,25407,670,630,549,581,602,563,551,544,609,583,576,593,634,598,600,572,578,532,582,592,627,579,639,584,641,618,34079,703,673,30216,657,711,16960,717,645,15143,606,659,567,599,573,570,564,614,625,608,595,611,595,700,612,575,619,592,611,619,642,600,589,27338,626,682,15176,673,664,19584,689,686,20788,681,658,19097,643,652,25870,615,611,27319,600,634,691,692,659,658,597,615
29:43:16,37,25519,711,662,20421,694,669,20039,653,668,25791,633,665,549,573,546,549,570,616,578,603,585,629,590,630,631,555,562,570,593,537,571,616,598,556,624,672,34429,708,652,30274,669,687,16721,668,684,15250,606,634,621,598,555,568,601,612,595,629,608,591,609,745,636,599,629,598,606,560,612,612,578,26928,631,690,15167,698,674,19028,744,683,21003,722,694,19492,692,650,25971,621,674,27521,672,646,680,660,618,666,636,633
29:58:16,37,25472,681,696,20751,691,627,20100,657,683,26177,650,622,561,564,594,570,562,568,602,565,618,623,593,582,598,583,537,560,579,590,591,636,584,603,676,658,34083,659,632,30238,654,675,16983,668,678,14901,647,650,569,617,552,591,579,608,620,577,565,593,609,704,639,562,607,623,626,636,620,556,603,26761,649,675,15186,681,698,19092,670,712,20980,706,692,19383,641,659,25727,634,680,27708,676,639,663,676,671,682,618,607
30:13:16,37,25465,699,682,20835,644,703,19877,671,692,26210,581,660,581,589,585,612,538,582,575,614,602,613,586,619,613,590,561,592,593,613,610,599,579,575,644,623,34393,695,681,30049,636,678,16740,688,649,15303,584,664,577,634,613,571,562,641,597,596,599,558,645,653,618,605,598,569,629,593,613,565,585,27416,592,685,15301,690,681,19177,716,654,21460,708,706,19523,636,610,25496,621,633,27822,642,630,638,703,617,655,606,600
30:28:16,37,25666,646,696,20759,689,700,20149,643,706,26572,671,620,582,565,545,559,597,566,565,602,605,638,559,590,584,568,582,584,606,627,616,610,557,589,637,687,34683,688,629,30177,671,671,17251,650,688,15480,589,643,632,571,609,568,578,576,637,593,602,537,623,673,603,610,591,645,637,589,600,598,602,26853,629,641,15280,653,685,19304,681,637,21707,685,675,19691,632,632,25756,589,678,27759,602,673,654,668,659,653,618,598
30:43:16,37,25526,666,690,21091,664,673,20241,669,688,26635,644,626,604,612,597,581,568,622,616,581,596,607,634,597,642,544,578,614,548,592,573,606,605,597,639,624,34874,672,691,30216,665,648,17460,672,712,15526,642,659,619,623,575,575,616,613,608,567,556,605,657,675,641,629,599,617,653,603,611,631,608,27060,664,727,15372,734,665,19497,712,648,21191,646,682,19798,597,611,25762,588,634,27323,640,612,676,693,658,666,610,607
30:58:16,37,25599,635,682,20766,671,702,20260,711,680,26544,660,635,574,605,549,577,593,606,572,606,574,610,618,608,624,579,575,562,563,599,597,628,585,578,654,679,35357,647,666,30121,640,663,17456,702,701,15578,637,667,583,583,606,574,619,618,572,605,550,598,619,708,639,575,631,592,615,597,619,591,609,26725,633,668,15387,668,733,19820,677,687,21476,754,683,19782,624,650,25403,620,659,27702,617,658,653,653,624,664,639,646
31:13:16,37,25536,678,675,21021,694,686,20001,675,667,27247,622,646,557,579,591,565,583,572,570,582,566,634,602,603,576,606,586,567,583,615,607,612,559,607,635,617,35228,681,680,30258,661,624,17616,690,655,15570,620,700,608,576,574,581,603,620,650,580,583,608,588,690,600,612,617,616,620,588,642,576,583,27229,652,634,15305,660,666,20077,669,695,21532,683,709,19620,575,641,25414,598,657,27641,654,617,673,666,640,639,588,654
31:28:16,37,25092,695,690,21233,718,701,20298,669,688,27476,640,690,566,562,559,566,532,601,564,599,602,588,565,625,634,597,547,612,577,595,590,612,587,594,652,644,35228,643,631,30163,644,678,17758,642,681,15358,606,720,606,621,597,579,546,601,595,615,593,581,603,662,613,564,611,601,602,573,606,583,592,27139,666,710,15470,735,663,20199,688,635,21506,738,681,20129,591,657,25474,604,651,27659,657,595,648,622,649,655,605,591
31:43:16,37,25405,675,662,21241,689,669,20456,648,698,27416,590,669,575,575,553,586,542,583,600,613,601,612,554,630,602,619,594,599,548,574,583,621,556,599,609,632,35639,693,646,30050,671,640,17500,681,660,15929,624,683,613,618,593,575,573,585,642,621,596,622,605,628,590,612,592,578,603,604,639,590,591,27043,654,670,15465,702,712,20268,685,725,21819,676,684,20234,631,676,25428,620,671,28032,634,609,667,654,619,671,617,606
31:58:16,37,25316,709,668,21563,687,633,20541,686,711,27873,627,651,563,590,578,602,559,606,530,604,587,578,613,597,652,584,611,550,551,603,612,592,605,579,627,638,35933,674,641,30227,669,652,17461,686,655,15785,626,686,577,565,573,572,608,637,573,604,592,602,627,661,638,589,613,604,639,599,620,559,591,27223,636,679,15829,721,732,20521,713,651,22214,718,682,19579,597,660,25279,622,691,27611,646,621,663,647,662,667,605,621
32:13:16,37,25152,662,687,21666,659,703,20336,714,642,28537,646,663,594,586,575,590,568,593,588,560,569,595,614,621,612,600,563,577,567,579,607,559,560,593,589,640,35811,677,656,30081,631,672,17655,640,711,15881,583,676,632,582,594,548,587,610,559,616,608,583,634,647,614,597,638,580,661,578,613,606,607,27338,640,630,15596,680,687,20686,724,713,22359,705,671,20151,618,637,25337,648,681,27950,620,656,627,690,631,664,607,593
32:28:16,37,25193,640,677,21444,626,680,20575,719,693,28587,662,653,606,577,609,541,593,617,616,576,601,546,608,608,603,580,578,577,583,578,611,601,545,589,645,657,35964,705,630,30338,685,644,17838,701,666,15933,617,658,615,582,574,573,594,607,559,623,557,618,582,668,629,626,598,597,618,566,650,610,612,27132,655,673,15755,692,686,20967,705,658,23058,670,700,20709,605,583,25508,628,722,27807,609,646,658,677,620,664,634,593
32:43:16,37,25001,671,718,21688,662,680,20613,669,687,27887,629,651,561,563,572,571,578,569,574,594,597,574,587,588,599,594,607,580,557,578,599,606,563,599,655,633,35531,667,640,30217,640,668,17637,666,714,15984,594,653,598,587,596,578,578,567,592,604,563,569,651,642,617,615,634,569,608,606,617,581,580,27180,599,677,15822,673,684,21298,706,726,22907,644,672,20683,599,659,25404,621,635,28111,640,667,590,695,640,670,596,619
32:58:16,37,25015,658,689,21666,694,671,20810,676,707,28523,646,662,608,562,618,568,588,611,644,602,614,579,593,609,597,584,585,598,567,558,581,608,590,574,629,657,36226,696,694,30315,647,633,17694,630,634,16314,588,712,558,591,576,632,575,609,596,616,614,620,602,645,587,614,616,597,601,570,612,632,567,27142,644,685,15974,674,700,21642,699,690,23239,723,722,20514,592,626,25471,666,721,27970,640,640,574,676,635,659,612,636
33:13:16,37,24787,698,691,21804,691,671,20847,685,678,28845,669,635,602,584,558,612,574,591,611,582,650,610,605,625,569,596,609,588,582,594,622,619,552,603,624,645,35979,655,664,30240,686,669,17736,675,722,16382,599,675,591,555,587,577,545,609,615,588,599,641,574,640,598,596,635,578,614,578,603,593,619,27371,665,665,15934,681,690,21664,716,663,23277,722,681,20992,589,646,25077,615,657,28109,654,655,653,685,646,633,669,646
33:28:16,37,25008,692,679,22001,711,658,20924,677,696,28305,649,658,574,599,576,552,577,558,617,580,593,586,582,642,595,568,584,563,540,571,619,609,590,555,588,642,36291,673,645,30056,666,687,17682,665,718,16349,613,658,600,584,609,581,600,581,601,592,585,594,641,667,623,583,592,605,626,574,617,603,581,26937,639,630,16140,665,721,21143,688,676,22976,701,672,21072,637,595,24948,645,684,27970,628,623,685,654,632,704,621,626
33:43:16,37,24682,673,684,21755,661,713,21055,679,633,28386,665,670,626,577,581,569,566,590,640,558,554,581,624,646,616,547,577,586,600,581,617,605,610,594,640,622,36586,694,663,30260,625,683,17827,659,638,16547,623,666,579,592,560,600,558,615,595,613,584,615,616,611,613,612,633,616,613,614,621,553,648,27284,652,682,16386,655,688,21566,674,702,22963,713,692,20931,565,624,24944,620,671,27653,624,651,675,672,665,683,601,604
33:58:16,37,24664,674,671,21998,674,688,21067,705,664,28675,615,623,616,598,601,572,573,597,611,564,570,581,592,598,608,607,582,591,568,571,614,653,603,570,619,654,36612,675,661,30282,652,647,17773,671,656,16581,604,664,583,591,577,610,581,580,562,602,590,579,591,658,631,646,626,599,608,564,612,576,616,27345,646,674,16394,678,678,21852,650,703,22657,733,694,20886,620,630,24972,628,670,28139,674,626,674,684,626,653,606,650
34:13:16,37,24759,689,689,22287,680,682,21138,706,691,29208,617,642,568,608,609,522,579,566,606,628,578,593,598,645,597,563,609,568,556,584,599,641,575,590,603,627,36991,720,682,30101,655,696,17967,640,649,16718,610,674,591,590,589,550,580,607,599,572,576,631,634,634,606,579,602,598,612,596,640,628,633,27653,646,653,16473,670,671,22121,675,676,22617,682,725,21238,613,668,25191,601,675,28109,630,657,688,651,621,655,657,619
34:28:16,37,24778,675,656,22469,636,663,21503,688,710,29410,641,670,570,553,588,570,593,535,614,579,547,608,581,602,585,573,555,579,590,584,591,593,594,568,631,657,36979,690,676,30228,713,641,17867,713,652,16736,604,640,621,602,559,555,585,592,597,584,566,605,596,613,657,571,612,633,643,568,639,569,629,27273,599,678,16542,706,693,22456,695,685,22703,704,678,21691,612,640,25183,611,640,27700,664,607,634,661,621,664,618,636
34:43:16,37,24297,706,647,22135,694,659,21509,715,644,29294,652,646,581,584,582,555,577,586,588,578,586,594,589,596,592,582,554,603,613,587,559,630,583,599,643,673,37142,622,675,29942,660,660,17934,638,661,16901,596,688,577,603,569,556,562,625,602,588,589,595,626,650,594,618,612,623,643,611,610,575,580,27130,660,689,16477,703,659,22602,697,692,23066,686,653,21526,623,650,24976,577,638,28045,628,626,642,664,609,671,622,606
34:58:16,37,24596,716,657,22518,685,689,21480,719,707,29492,616,644,579,578,583,583,571,574,560,580,588,582,590,664,617,591,582,563,588,589,636,553,592,582,622,640,37323,654,657,29596,608,685,17969,710,669,16982,631,661,607,583,586,599,611,600,576,585,601,622,643,623,624,594,594,632,666,601,614,562,577,27563,626,698,16783,688,663,23036,704,668,23887,657,669,22173,632,638,25001,580,659,27945,651,629,615,674,640,665,638,615
35:13:16,37,24675,656,690,22402,724,662,21363,709,669,29683,595,649,587,585,555,592,555,597,627,599,616,546,569,617,580,609,569,556,551,583,632,609,604,573,617,644,36975,647,662,29869,633,671,17817,703,650,16979,594,677,593,621,560,597,573,574,644,593,625,604,591,627,619,621,608,617,649,603,642,593,594,27626,672,665,16877,710,700,23845,716,686,24395,666,706,22103,625,629,24651,638,664,28210,675,643,641,645,629,717,630,598
35:28:16,37,24457,706,658,22438,670,618,21587,671,682,30259,626,652,550,600,575,555,579,614,608,618,618,588,632,617,597,598,553,569,602,601,593,593,582,584,612,698,37418,690,686,29834,640,595,18124,690,670,16986,622,664,584,616,567,551,569,609,579,615,591,601,608,615,619,580,620,614,639,591,630,540,592,27597,681,656,17172,684,719,24209,682,698,25167,683,687,22384,588,627,24820,620,642,28140,635,646,685,670,619,687,597,612
35:43:16,37,24439,663,668,22711,715,633,21745,697,649,30198,653,629,582,602,601,563,609,610,599,604,564,613,605,620,590,572,576,590,580,606,607,627,566,650,609,656,37611,673,664,29991,634,648,17696,667,689,17166,616,669,595,593,584,571,603,631,587,619,634,584,614,665,586,603,585,580,617,589,621,598,599,27313,677,698,17180,697,681,24981,683,705,25248,679,711,22509,643,709,24540,608,684,28286,646,640,671,687,629,657,612,602
35:58:16,37,24301,665,640,22667,668,681,21701,631,690,30366,630,635,585,575,553,545,589,613,629,625,584,580,607,593,605,614,598,566,547,613,617,601,598,609,655,668,37544,700,721,29892,619,671,18253,700,659,17124,590,710,615,574,577,597,576,640,580,602,597,616,600,661,629,620,615,597,627,572,647,586,556,27734,674,651,17445,710,652,25504,696,695,25759,684,667,22571,620,645,24589,657,655,28050,631,629,602,701,651,614,629,641
36:13:16,37,23881,695,672,22510,707,681,21774,657,696,30827,628,632,568,594,543,552,572,602,567,572,596,597,577,585,659,574,592,582,579,629,614,620,629,612,573,629,37439,661,717,29724,671,659,17782,696,693,17108,622,660,623,597,555,558,606,624,621,590,553,586,617,659,602,631,629,601,628,594,621,616,607,27624,629,674,17636,729,669,23758,685,641,26138,665,716,22849,647,618,24594,601,641,28211,618,615,633,693,625,645,647,612
36:28:16,37,24111,689,671,22929,687,706,22043,699,662,30917,637,610,611,592,576,600,584,613,622,577,606,598,611,667,578,615,595,586,600,615,583,625,593,584,616,622,37820,697,704,29627,644,621,17895,681,673,17413,620,699,594,586,595,562,585,666,618,620,573,613,585,628,643,615,626,579,642,592,635,618,582,27519,664,705,17827,669,741,23567,692,702,26962,631,691,23046,612,678,24645,623,672,28234,627,646,641,640,642,657,597,650
36:43:16,37,24107,683,665,22905,724,679,22154,736,700,31306,617,648,582,603,584,602,562,620,610,593,584,604,610,621,576,534,624,554,615,614,619,608,575,600,656,655,37930,691,652,29769,692,660,18254,705,653,17460,657,688,566,555,593,602,598,620,630,628,577,621,605,629,601,597,606,596,637,594,623,598,552,27634,648,657,17722,694,667,24104,682,650,27317,678,705,23298,627,623,24645,618,671,28334,666,626,626,659,652,669,612,593
36:58:16,37,23936,708,654,22931,669,714,21883,641,729,31435,638,635,636,582,569,601,566,589,608,613,576,595,612,626,580,578,575,517,589,582,594,629,573,562,626,647,38046,683,675,29750,670,627,17957,723,648,17398,629,673,604,581,606,572,601,559,608,623,611,588,605,646,602,600,604,576,612,618,619,637,602,27549,642,621,18001,659,706,24193,681,670,27815,699,697,23626,596,668,24448,621,646,28462,634,651,643,694,674,652,667,607
37:13:16,37,23951,677,707,22870,668,676,22045,729,667,31468,662,655,567,566,589,560,583,561,627,614,606,550,596,606,597,587,597,573,576,606,581,585,573,606,625,666,38215,705,667,29698,653,650,18216,670,673,17435,588,695,612,599,603,613,575,584,611,589,588,570,585,645,609,599,561,591,624,565,611,619,576,27591,651,628,18156,646,640,24262,669,700,28049,695,712,23676,592,676,24481,660,667,28611,666,638,652,666,606,639,620,699
37:28:16,37,24313,704,659,22945,679,667,21959,700,663,31837,657,621,579,570,578,589,626,562,578,609,580,600,578,626,583,576,566,539,580,593,632,617,548,545,615,632,38365,685,652,29730,682,677,18359,642,622,17621,637,668,583,595,553,591,551,599,622,622,597,603,606,672,629,543,584,622,599,585,632,583,598,27809,660,707,18046,662,691,24868,656,728,28102,683,667,24038,600,644,24451,661,661,28175,608,648,619,678,631,641,661,669
37:43:16,37,23893,643,648,22754,744,671,22224,650,726,31683,643,616,622,635,576,565,570,625,590,616,631,628,583,588,604,564,562,575,554,618,593,623,573,593,667,661,38596,648,677,29295,668,690,18244,686,671,17836,622,697,561,555,580,577,608,601,602,603,609,621,627,633,612,584,620,610,636,596,614,593,643,27939,639,658,18181,688,682,25454,722,681,28396,649,711,24086,611,659,24572,601,672,28281,653,655,654,665,646,636,605,612
37:58:16,37,23706,654,658,22818,701,666,22313,711,657,31694,617,634,604,568,548,511,611,586,604,599,585,610,610,632,611,568,577,573,581,622,608,612,599,621,641,645,38515,716,652,29244,689,676,18492,691,715,17972,599,675,570,620,588,578,596,575,589,596,614,589,636,631,614,601,628,596,592,594,606,579,638,27468,641,681,18216,684,687,26113,665,709,28619,708,658,24304,609,663,24423,607,709,28308,652,645,644,656,633,634,666,624
38:13:16,37,23566,708,672,22762,668,692,22454,683,687,32079,597,683,565,580,594,579,588,615,590,615,567,598,670,611,610,596,588,600,574,600,623,591,599,601,641,692,38195,649,667,29328,645,642,18612,708,682,18063,598,679,640,580,598,581,586,613,598,576,592,580,602,640,585,585,560,597,615,590,640,620,566,27917,700,669,18413,706,751,26203,694,702,29283,684,703,24723,629,625,24329,625,703,28575,598,624,692,669,656,653,667,660
38:28:16,37,23786,684,677,23259,660,644,22615,649,674,32082,653,626,588,588,591,568,581,584,611,576,600,611,608,597,590,604,578,546,528,591,606,641,602,563,637,670,38614,641,700,29146,631,708,18575,691,675,18180,600,700,599,559,571,558,598,580,633,612,598,649,620,608,583,590,621,606,608,617,610,616,554,28054,625,617,18969,730,708,27262,708,653,29629,684,686,25099,629,663,24603,631,678,28409,683,633,618,654,618,639,609,644
38:43:16,37,23919,661,648,23062,688,735,22554,721,692,32300,669,582,582,587,574,541,549,564,576,620,605,623,580,648,585,549,515,603,604,605,644,571,568,630,633,664,38464,630,665,29108,620,667,18435,676,648,18307,634,693,583,586,576,570,590,599,604,616,582,618,584,634,619,616,643,590,643,584,658,607,579,27947,640,702,18746,695,732,28053,674,701,29660,687,673,25302,630,661,24519,614,686,28478,654,644,654,702,654,654,615,646
38:58:16,37,23321,681,644,23180,679,679,22356,681,710,32302,629,641,606,533,559,543,602,588,595,601,583,588,601,646,602,541,588,598,613,599,596,630,571,551,643,634,38303,707,672,28931,651,622,18651,694,660,18302,587,642,601,599,586,540,593,638,595,588,616,638,603,685,635,650,616,595,610,566,616,556,631,28105,630,677,18901,677,691,28590,698,671,29960,683,689,25622,630,609,24167,634,685,28462,654,637,658,635,655,663,654,636
39:13:16,37,23548,692,666,23005,654,664,22693,662,670,32311,640,652,588,591,559,561,590,612,590,632,601,563,616,661,587,560,573,545,549,606,589,624,595,592,617,641,38373,706,676,28925,673,701,18950,671,700,18239,601,687,608,614,626,601,591,603,575,599,576,589,624,651,571,566,604,614,649,591,647,563,577,27967,674,702,18944,665,700,28141,667,708,30224,699,666,26057,625,616,24530,606,631,28216,661,684,623,635,646,674,631,634
39:28:16,37,23276,676,702,23203,684,670,22706,653,654,32223,644,651,595,563,601,557,596,622,664,609,582,562,615,622,624,544,578,532,575,614,571,609,630,605,645,666,38473,662,681,28558,693,660,18977,665,690,18681,620,710,594,596,586,582,577,597,602,606,559,615,610,700,613,617,627,576,633,607,645,605,578,27903,680,669,19082,692,645,29075,688,683,29874,705,681,26184,633,652,24550,673,685,28241,647,658,658,686,631,673,600,656
39:43:16,37,23343,691,654,23258,652,701,22824,670,694,32645,693,609,589,576,562,591,598,576,601,632,595,603,575,632,615,567,555,578,557,644,599,643,633,630,634,665,38481,662,693,28786,655,684,18892,663,686,18913,616,668,584,620,597,611,621,616,586,612,608,630,600,664,655,618,584,597,627,591,642,585,560,27829,615,707,19415,700,764,28983,683,705,28300,726,697,26927,665,704,24537,608,664,28406,629,676,642,682,655,654,621,620
39:58:16,37,23274,702,682,23350,681,676,23129,647,680,32462,652,664,556,578,612,589,553,607,615,645,550,611,636,635,633,568,581,598,595,634,627,602,612,582,616,669,38549,640,684,28826,661,666,19378,699,635,19269,584,646,567,586,574,569,598,646,578,584,604,609,582,617,616,615,605,631,627,604,607,631,590,28104,610,733,19799,693,727,29181,672,673,28550,677,716,27102,629,654,24734,643,666,28464,611,626,674,682,638,641,645,640
40:13:16,37,23212,677,686,23256,684,686,22979,695,694,32091,651,693,578,589,608,586,558,599,616,621,590,603,646,618,598,596,597,599,541,604,557,630,624,606,634,649,38981,677,649,28618,681,640,19084,715,706,19335,632,664,608,594,615,583,619,662,591,603,614,597,610,641,611,590,641,574,620,593,629,619,589,27982,639,657,19534,700,694,29613,663,696,28519,729,675,26933,604,642,24497,614,687,28699,663,619,688,646,617,672,595,642
40:28:16,37,23101,688,714,23354,686,717,22853,703,684,31787,653,665,587,570,572,568,569,640,600,621,574,585,621,649,596,595,582,589,562,640,596,624,606,579,646,670,38588,687,697,28297,664,628,19314,703,668,19428,621,700,583,616,594,601,632,581,619,631,583,609,574,634,625,553,619,585,602,568,614,626,619,27984,601,681,20119,712,668,28959,692,708,28953,676,688,27567,628,651,24584,609,666,28626,657,665,726,659,653,685,666,631
40:43:16,37,22933,662,661,23299,697,705,22852,668,662,31852,667,662,565,567,612,547,542,559,618,588,612,597,610,668,607,548,627,583,585,660,610,593,583,561,635,688,38450,671,632,28215,682,676,19303,673,647,19349,608,723,584,605,596,600,641,601,597,568,590,596,626,640,598,611,598,600,606,563,631,606,569,28022,616,684,19897,666,690,28983,692,681,28745,721,727,27788,632,667,24517,583,662,28568,628,628,639,690,665,627,644,627
40:58:16,37,23107,633,676,23803,654,686,23204,688,650,31279,659,643,548,626,541,574,561,598,611,625,578,626,577,614,650,576,606,548,553,636,624,646,554,582,612,686,38446,676,644,28422,678,656,19548,685,694,19753,621,734,598,547,615,559,613,576,559,587,597,623,585,635,641,592,602,595,608,607,634,626,600,28067,669,661,20312,672,683,29088,703,696,29094,744,660,27875,650,630,24651,666,664,28679,635,684,598,684,632,658,648,661
41:13:16,37,22911,696,685,23465,717,710,22971,694,670,31577,641,616,607,618,544,569,578,607,576,574,635,606,563,627,618,558,625,597,563,636,618,567,606,564,627,675,38150,654,675,27927,651,687,19568,692,657,19684,650,742,594,609,579,564,595,605,583,607,565,599,600,671,613,568,603,571,582,609,617,574,578,28364,653,647,20055,700,685,29378,678,700,28962,666,723,28028,637,655,24353,597,680,28749,654,637,677,669,622,656,614,634
41:28:16,37,22758,696,662,23393,657,653,23157,678,656,31089,675,618,580,602,574,548,588,601,609,618,623,550,626,662,617,568,584,542,603,630,602,640,602,616,621,669,37863,690,675,28125,678,684,19442,673,686,19854,629,723,562,614,597,580,610,637,609,632,608,591,598,625,590,608,627,612,652,635,648,618,576,28321,680,667,20256,713,728,30069,657,703,29051,691,704,28396,655,665,24634,643,663,28448,657,623,644,637,637,670,612,628
41:43:16,37,23029,686,674,23547,695,662,23211,707,691,31302,677,667,604,609,579,590,598,605,589,607,593,565,567,654,616,580,592,585,584,647,575,621,555,581,624,701,38184,675,622,27793,623,672,19668,678,705,19788,619,722,595,579,630,559,634,636,632,649,609,624,614,634,598,595,618,588,608,623,658,598,578,28662,659,691,19938,715,700,30272,706,702,29576,708,665,28544,645,658,24598,640,709,28820,671,655,608,645,630,634,633,619
41:58:16,37,22842,736,696,23673,697,672,23519,686,710,31090,647,639,582,538,581,550,560,594,560,601,638,625,593,614,596,589,598,595,611,619,593,589,624,589,611,640,38332,707,697,28023,662,657,19720,691,665,20347,588,682,609,620,562,548,626,641,621,629,574,607,606,646,625,570,594,599,628,616,652,611,600,28352,608,693,20295,693,644,30723,671,725,30041,717,676,28718,652,636,24652,631,632,28658,654,634,648,663,622,662,622,643
42:13:16,37,22597,692,710,24134,686,649,23312,674,665,31108,647,629,625,581,591,607,580,623,581,608,574,595,617,658,608,558,568,571,596,621,572,598,582,569,671,628,38088,666,639,27759,655,689,20091,665,623,20269,616,730,586,624,578,612,620,597,614,629,556,596,609,640,596,613,652,624,615,610,637,624,600,28449,637,687,20167,719,696,30779,684,687,29906,722,715,28938,629,681,24434,671,655,28963,580,648,693,676,650,633,590,658
42:28:16,37,22196,667,670,23849,676,715,23473,648,693,31183,630,646,588,575,604,614,567,615,573,598,583,578,568,673,618,552,570,541,549,619,635,551,588,578,628,678,38302,641,654,27762,659,673,19764,653,665,20208,612,692,576,575,613,621,578,609,598,563,559,598,592,643,603,597,578,640,631,613,641,560,613,28243,638,661,20389,665,680,31414,689,659,30220,665,646,29105,600,692,24513,639,652,28768,638,619,654,641,625,681,610,635
42:43:16,37,22553,660,662,23781,672,695,23527,724,682,31470,646,670,604,579,612,572,598,588,629,608,575,579,581,655,638,572,594,625,564,624,618,601,534,633,661,646,38373,635,661,27876,646,642,20072,641,672,20515,597,690,589,606,574,576,612,607,581,599,575,571,623,643,624,614,619,584,664,572,637,590,629,28858,684,684,20357,713,656,32223,691,671,30662,652,683,29226,630,658,24867,610,654,28982,648,625,638,637,674,709,599,625
42:58:16,37,22452,701,676,23825,706,704,23787,662,707,31236,680,656,575,588,566,549,558,583,575,579,613,588,632,652,580,584,625,582,572,568,636,580,598,595,621,656,38278,688,650,27884,659,661,20080,699,680,20618,610,705,618,560,616,605,556,617,621,621,558,587,609,600,657,582,636,593,592,605,640,591,601,28729,655,663,20618,676,669,32485,702,693,30956,695,697,29027,607,720,24959,645,697,29146,656,665,644,688,616,662,612,646
43:13:16,37,22244,699,710,23744,689,693,23632,688,696,31411,644,659,567,618,607,552,596,571,600,617,580,590,631,620,604,574,573,584,592,629,607,617,599,599,627,665,38090,667,672,27661,658,700,20346,647,656,20844,640,748,591,611,553,580,559,591,568,605,562,628,621,662,630,618,626,595,618,638,607,627,613,28736,644,638,20643,668,716,32857,725,683,31270,681,696,29525,591,651,24800,649,686,29119,652,647,670,663,653,665,620,645
43:28:16,37,22019,636,702,24237,680,689,23700,688,664,31829,636,647,565,583,596,609,571,620,600,566,587,556,592,645,604,572,638,577,571,630,599,631,590,607,657,687,38442,681,696,27680,711,643,20426,668,665,20725,593,715,618,556,555,617,576,613,576,584,598,614,582,641,626,601,595,597,635,592,612,620,588,28750,621,671,20792,714,664,33258,720,708,31401,648,684,29727,666,653,24862,659,663,28506,665,597,643,706,675,663,615,612
43:43:16,37,22192,679,678,24255,675,698,23915,651,671,32074,661,648,603,580,560,574,592,630,608,661,568,621,608,629,615,583,584,578,577,597,588,606,619,581,658,714,38457,711,716,27537,655,668,20151,701,725,20986,601,734,605,569,561,547,554,627,620,580,560,602,601,649,653,590,599,628,594,585,669,625,618,28560,675,686,21055,656,696,31770,704,711,31806,705,747,29493,632,675,24906,684,649,28905,669,659,647,667,653,652,613,584
43:58:16,37,21884,724,715,24116,656,658,23912,682,715,31560,625,662,587,579,573,569,617,609,647,622,566,600,578,658,606,579,602,552,597,622,606,608,601,588,641,672,38293,669,681,27643,661,686,20337,702,648,20946,622,716,637,552,624,560,596,611,591,604,556,599,595,672,624,586,596,592,639,564,622,636,588,28756,674,666,20997,702,715,30444,703,701,31785,700,701,29613,589,648,25019,628,645,28830,667,653,651,633,624,653,653,658
44:13:16,37,21814,695,692,24421,666,701,23793,701,686,31815,609,646,621,573,599,599,608,570,634,584,601,573,573,650,566,582,564,567,606,624,622,615,613,583,623,688,38033,674,656,27447,667,674,20598,704,678,21057,613,702,620,579,578,578,596,582,606,612,597,611,627,656,590,602,619,630,629,570,645,653,621,28952,628,712,21240,721,714,30283,671,681,32217,724,735,29923,604,651,25000,624,668,29046,631,613,629,679,648,638,633,619
44:28:16,37,21954,713,688,24448,688,650,24021,670,696,30990,649,661,592,577,613,581,566,591,606,585,571,604,626,622,625,589,625,579,569,605,581,652,595,607,660,623,37328,700,670,27524,666,682,20366,672,713,21456,608,693,589,606,622,559,605,596,597,610,588,585,612,651,586,622,624,610,599,619,678,596,630,28694,661,672,21256,681,748,30470,693,689,32362,742,652,29757,594,640,24904,612,696,29040,636,660,669,664,654,646,658,642
44:43:16,37,21782,699,694,24345,670,649,23881,668,689,31297,663,696,607,596,560,560,581,624,562,638,576,569,607,623,565,545,549,596,574,549,580,614,614,609,592,659,37269,674,658,27922,649,704,20730,693,676,21266,639,677,615,592,583,597,593,582,594,601,604,581,629,670,613,606,618,558,593,606,625,625,608,28816,659,642,21129,693,705,30315,675,661,32433,708,704,29752,629,621,25248,625,661,29197,668,650,660,646,607,651,669,624
44:58:16,37,21583,680,654,24608,731,670,24240,711,657,31689,667,677,590,583,575,591,583,595,589,648,608,571,599,625,588,583,565,567,613,582,655,640,577,618,652,648,36944,650,655,27587,641,668,20839,705,686,21387,593,721,628,589,566,596,588,586,572,642,583,620,607,685,667,633,558,572,667,591,614,588,560,29183,648,703,21419,655,721,30622,702,689,32862,694,700,29913,649,677,24745,675,669,29030,644,621,687,658,601,610,645,632
45:13:16,37,21406,683,672,25104,699,691,24355,676,656,31860,649,671,577,594,650,587,593,571,592,556,570,596,601,613,558,606,571,562,611,605,645,588,594,586,655,678,36726,679,673,27605,660,675,20816,709,649,21245,619,686,654,553,574,560,602,606,564,631,614,609,613,652,637,618,629,585,567,559,599,609,593,29081,647,692,21412,674,671,31258,699,715,33023,717,660,29781,619,683,24910,596,667,29478,678,623,674,657,630,681,622,629
45:28:16,37,21461,685,677,24752,682,692,24302,663,695,31763,648,641,598,561,566,553,559,570,576,566,596,602,611,610,612,607,572,559,571,574,611,620,598,598,659,647,36377,672,669,27764,689,690,20859,725,682,21387,573,714,568,607,554,556,569,639,572,635,564,585,615,722,656,621,587,589,625,564,621,586,591,29415,612,673,21353,654,731,31591,647,673,33215,699,690,30206,613,623,25155,643,642,29399,649,608,643,707,669,645,641,677